{
  "IcoMoonType": "selection",
  "icons": [
    {
      "icon": {
        "paths": [
          "M348.537 104.33c52.33 20.52 102.915 47.622 150.594 80.725 5.427 3.678 11.631 5.614 17.831 5.614 6.203 0 12.404-1.936 17.831-5.614 47.679-33.103 98.264-60.399 150.597-80.919 11.822-4.646 19.77-16.261 19.575-29.038 0-12.777-7.948-24.198-19.965-28.651-104.659-39.685-231.417-39.685-335.882 0-11.826 4.452-19.965 16.068-19.965 28.651s7.366 24.585 19.383 29.232z",
          "M798.016 104.505c-9.887-6.776-22.485-7.356-33.145-1.355-57.952 33.297-113.965 71.433-166.876 113.442-6.976 5.614-11.241 13.938-11.631 22.843-0.386 8.905 3.102 17.616 9.497 23.811 109.703 104.344 261.655 424.34 296.544 571.466-75.591-127.765-244.211-428.405-354.492-531.2-11.826-11.034-30.429-11.034-42.255 0-110.476 102.795-278.515 403.626-354.104 531.586 34.887-147.126 186.453-467.509 296.152-571.852 6.59-6.195 10.081-14.906 9.692-23.811-0.386-8.905-4.651-17.229-11.627-22.843-52.914-42.008-109.12-80.145-166.878-113.442-10.272-6.001-23.258-5.42-33.143 1.355-134.703 92.728-215.138 245.082-215.138 407.693 0 118.86 42.834 233.465 120.942 322.9 93.42 109.571 230.061 172.679 375.231 172.679s282.006-62.917 375.62-172.871c77.718-89.052 120.555-203.654 120.555-322.709 0-162.611-80.437-314.965-214.944-407.693z"
        ],
        "attrs": [
          {
            "fill": "rgb(255, 181, 72)"
          },
          {
            "fill": "rgb(255, 181, 72)"
          }
        ],
        "isMulticolor": false,
        "isMulticolor2": false,
        "grid": 0,
        "tags": [
          "xbox icon"
        ]
      },
      "attrs": [
        {
          "fill": "rgb(255, 181, 72)"
        },
        {
          "fill": "rgb(255, 181, 72)"
        }
      ],
      "properties": {
        "order": 4,
        "id": 0,
        "name": "xbox-icon",
        "prevSize": 32
      },
      "setIdx": 0,
      "setId": 2,
      "iconIdx": 0
    }
  ],
  "height": 1024,
  "preferences": {
    "showGlyphs": true,
    "showCodes": true,
    "showQuickUse": true,
    "showQuickUse2": true,
    "showSVGs": true,
    "fontPref": {
      "prefix": "icon-",
      "metadata": {
        "fontFamily": "icomoon"
      },
      "metrics": {
        "emSize": 1024,
        "baseline": 6.25,
        "whitespace": 50
      },
      "embed": false
    },
    "imagePref": {
      "prefix": "icon-",
      "png": true,
      "useClassSelector": true,
      "color": 0,
      "bgColor": 16777215,
      "name": "icomoon",
      "classSelector": ".icon",
      "height": 32,
      "columns": 16,
      "margin": 16
    },
    "historySize": 50,
    "gridSize": 16
  }
}